{"assets/emojis/c_coolb.png":["assets/emojis/c_coolb.png"],"assets/emojis/c_fived.png":["assets/emojis/c_fived.png"],"assets/emojis/c_fivef.png":["assets/emojis/c_fivef.png"],"assets/emojis/c_fivem.png":["assets/emojis/c_fivem.png"],"assets/emojis/c_fiveo.png":["assets/emojis/c_fiveo.png"],"assets/emojis/c_fivey.png":["assets/emojis/c_fivey.png"],"assets/emojis/c_fy.png":["assets/emojis/c_fy.png"],"assets/emojis/c_oned.png":["assets/emojis/c_oned.png"],"assets/emojis/c_onef.png":["assets/emojis/c_onef.png"],"assets/emojis/c_onem.png":["assets/emojis/c_onem.png"],"assets/emojis/c_oneo.png":["assets/emojis/c_oneo.png"],"assets/emojis/c_oney.png":["assets/emojis/c_oney.png"],"assets/emojis/c_oy.png":["assets/emojis/c_oy.png"],"assets/emojis/c_teny.png":["assets/emojis/c_teny.png"],"assets/emojis/c_twod.png":["assets/emojis/c_twod.png"],"assets/emojis/c_twof.png":["assets/emojis/c_twof.png"],"assets/emojis/c_twom.png":["assets/emojis/c_twom.png"],"assets/emojis/c_twoo.png":["assets/emojis/c_twoo.png"],"assets/emojis/c_twoy.png":["assets/emojis/c_twoy.png"],"assets/emojis/c_ty.png":["assets/emojis/c_ty.png"],"assets/emojis/coolapk_emotion_100_qqdoge.png":["assets/emojis/coolapk_emotion_100_qqdoge.png"],"assets/emojis/coolapk_emotion_1010.png":["assets/emojis/coolapk_emotion_1010.png"],"assets/emojis/coolapk_emotion_1011.png":["assets/emojis/coolapk_emotion_1011.png"],"assets/emojis/coolapk_emotion_1012.png":["assets/emojis/coolapk_emotion_1012.png"],"assets/emojis/coolapk_emotion_1013.png":["assets/emojis/coolapk_emotion_1013.png"],"assets/emojis/coolapk_emotion_1014.png":["assets/emojis/coolapk_emotion_1014.png"],"assets/emojis/coolapk_emotion_1015.png":["assets/emojis/coolapk_emotion_1015.png"],"assets/emojis/coolapk_emotion_1016.png":["assets/emojis/coolapk_emotion_1016.png"],"assets/emojis/coolapk_emotion_1017.png":["assets/emojis/coolapk_emotion_1017.png"],"assets/emojis/coolapk_emotion_1018.png":["assets/emojis/coolapk_emotion_1018.png"],"assets/emojis/coolapk_emotion_1019.png":["assets/emojis/coolapk_emotion_1019.png"],"assets/emojis/coolapk_emotion_101_pyjiaoyi.png":["assets/emojis/coolapk_emotion_101_pyjiaoyi.png"],"assets/emojis/coolapk_emotion_1020.png":["assets/emojis/coolapk_emotion_1020.png"],"assets/emojis/coolapk_emotion_1021.png":["assets/emojis/coolapk_emotion_1021.png"],"assets/emojis/coolapk_emotion_1022_zhenbuchuo.png":["assets/emojis/coolapk_emotion_1022_zhenbuchuo.png"],"assets/emojis/coolapk_emotion_1023_liewenhuke.png":["assets/emojis/coolapk_emotion_1023_liewenhuke.png"],"assets/emojis/coolapk_emotion_1024.png":["assets/emojis/coolapk_emotion_1024.png"],"assets/emojis/coolapk_emotion_1025.png":["assets/emojis/coolapk_emotion_1025.png"],"assets/emojis/coolapk_emotion_1026.png":["assets/emojis/coolapk_emotion_1026.png"],"assets/emojis/coolapk_emotion_1027.png":["assets/emojis/coolapk_emotion_1027.png"],"assets/emojis/coolapk_emotion_1028.png":["assets/emojis/coolapk_emotion_1028.png"],"assets/emojis/coolapk_emotion_1029.png":["assets/emojis/coolapk_emotion_1029.png"],"assets/emojis/coolapk_emotion_102_fadai.png":["assets/emojis/coolapk_emotion_102_fadai.png"],"assets/emojis/coolapk_emotion_1030.png":["assets/emojis/coolapk_emotion_1030.png"],"assets/emojis/coolapk_emotion_1031.png":["assets/emojis/coolapk_emotion_1031.png"],"assets/emojis/coolapk_emotion_103_nb.png":["assets/emojis/coolapk_emotion_103_nb.png"],"assets/emojis/coolapk_emotion_104.png":["assets/emojis/coolapk_emotion_104.png"],"assets/emojis/coolapk_emotion_105.png":["assets/emojis/coolapk_emotion_105.png"],"assets/emojis/coolapk_emotion_106.png":["assets/emojis/coolapk_emotion_106.png"],"assets/emojis/coolapk_emotion_107.png":["assets/emojis/coolapk_emotion_107.png"],"assets/emojis/coolapk_emotion_108.png":["assets/emojis/coolapk_emotion_108.png"],"assets/emojis/coolapk_emotion_109.png":["assets/emojis/coolapk_emotion_109.png"],"assets/emojis/coolapk_emotion_10_aoman.png":["assets/emojis/coolapk_emotion_10_aoman.png"],"assets/emojis/coolapk_emotion_11_yiwen.png":["assets/emojis/coolapk_emotion_11_yiwen.png"],"assets/emojis/coolapk_emotion_12_wuyu.png":["assets/emojis/coolapk_emotion_12_wuyu.png"],"assets/emojis/coolapk_emotion_13_huaixiao.png":["assets/emojis/coolapk_emotion_13_huaixiao.png"],"assets/emojis/coolapk_emotion_14_bishi.png":["assets/emojis/coolapk_emotion_14_bishi.png"],"assets/emojis/coolapk_emotion_15_fanu.png":["assets/emojis/coolapk_emotion_15_fanu.png"],"assets/emojis/coolapk_emotion_16_tuosai.png":["assets/emojis/coolapk_emotion_16_tuosai.png"],"assets/emojis/coolapk_emotion_17_tushe.png":["assets/emojis/coolapk_emotion_17_tushe.png"],"assets/emojis/coolapk_emotion_18_han.png":["assets/emojis/coolapk_emotion_18_han.png"],"assets/emojis/coolapk_emotion_19_koubi.png":["assets/emojis/coolapk_emotion_19_koubi.png"],"assets/emojis/coolapk_emotion_1_hahaha.png":["assets/emojis/coolapk_emotion_1_hahaha.png"],"assets/emojis/coolapk_emotion_20_qinqin.png":["assets/emojis/coolapk_emotion_20_qinqin.png"],"assets/emojis/coolapk_emotion_21_penxue.png":["assets/emojis/coolapk_emotion_21_penxue.png"],"assets/emojis/coolapk_emotion_22_xiaoyan.png":["assets/emojis/coolapk_emotion_22_xiaoyan.png"],"assets/emojis/coolapk_emotion_23_shui.png":["assets/emojis/coolapk_emotion_23_shui.png"],"assets/emojis/coolapk_emotion_24_wuzuixiao.png":["assets/emojis/coolapk_emotion_24_wuzuixiao.png"],"assets/emojis/coolapk_emotion_25_zaijian.png":["assets/emojis/coolapk_emotion_25_zaijian.png"],"assets/emojis/coolapk_emotion_26_kelian.png":["assets/emojis/coolapk_emotion_26_kelian.png"],"assets/emojis/coolapk_emotion_27_qiang.png":["assets/emojis/coolapk_emotion_27_qiang.png"],"assets/emojis/coolapk_emotion_28_ruo.png":["assets/emojis/coolapk_emotion_28_ruo.png"],"assets/emojis/coolapk_emotion_29_baoquan.png":["assets/emojis/coolapk_emotion_29_baoquan.png"],"assets/emojis/coolapk_emotion_2_jingya.png":["assets/emojis/coolapk_emotion_2_jingya.png"],"assets/emojis/coolapk_emotion_30_ok.png":["assets/emojis/coolapk_emotion_30_ok.png"],"assets/emojis/coolapk_emotion_31_xiaoku.png":["assets/emojis/coolapk_emotion_31_xiaoku.png"],"assets/emojis/coolapk_emotion_32_heiha.png":["assets/emojis/coolapk_emotion_32_heiha.png"],"assets/emojis/coolapk_emotion_33_wulian.png":["assets/emojis/coolapk_emotion_33_wulian.png"],"assets/emojis/coolapk_emotion_34_jizhi.png":["assets/emojis/coolapk_emotion_34_jizhi.png"],"assets/emojis/coolapk_emotion_35_ye.png":["assets/emojis/coolapk_emotion_35_ye.png"],"assets/emojis/coolapk_emotion_36_ku.png":["assets/emojis/coolapk_emotion_36_ku.png"],"assets/emojis/coolapk_emotion_37_doge.png":["assets/emojis/coolapk_emotion_37_doge.png"],"assets/emojis/coolapk_emotion_38_wozuimei.png":["assets/emojis/coolapk_emotion_38_wozuimei.png"],"assets/emojis/coolapk_emotion_39_caidao.png":["assets/emojis/coolapk_emotion_39_caidao.png"],"assets/emojis/coolapk_emotion_3_ciya.png":["assets/emojis/coolapk_emotion_3_ciya.png"],"assets/emojis/coolapk_emotion_40_aixin.png":["assets/emojis/coolapk_emotion_40_aixin.png"],"assets/emojis/coolapk_emotion_41_meigui.png":["assets/emojis/coolapk_emotion_41_meigui.png"],"assets/emojis/coolapk_emotion_42_diaoxie.png":["assets/emojis/coolapk_emotion_42_diaoxie.png"],"assets/emojis/coolapk_emotion_43_heixian.png":["assets/emojis/coolapk_emotion_43_heixian.png"],"assets/emojis/coolapk_emotion_44_pen.png":["assets/emojis/coolapk_emotion_44_pen.png"],"assets/emojis/coolapk_emotion_45_yinxian.png":["assets/emojis/coolapk_emotion_45_yinxian.png"],"assets/emojis/coolapk_emotion_46_nanguo.png":["assets/emojis/coolapk_emotion_46_nanguo.png"],"assets/emojis/coolapk_emotion_47_weiqu.png":["assets/emojis/coolapk_emotion_47_weiqu.png"],"assets/emojis/coolapk_emotion_48_weiweiyixiao.png":["assets/emojis/coolapk_emotion_48_weiweiyixiao.png"],"assets/emojis/coolapk_emotion_49_huanhu.png":["assets/emojis/coolapk_emotion_49_huanhu.png"],"assets/emojis/coolapk_emotion_4_liulei.png":["assets/emojis/coolapk_emotion_4_liulei.png"],"assets/emojis/coolapk_emotion_50_xinsui.png":["assets/emojis/coolapk_emotion_50_xinsui.png"],"assets/emojis/coolapk_emotion_51_chigua.png":["assets/emojis/coolapk_emotion_51_chigua.png"],"assets/emojis/coolapk_emotion_52_hejiu.png":["assets/emojis/coolapk_emotion_52_hejiu.png"],"assets/emojis/coolapk_emotion_53_pu.png":["assets/emojis/coolapk_emotion_53_pu.png"],"assets/emojis/coolapk_emotion_54_hongyaowan.png":["assets/emojis/coolapk_emotion_54_hongyaowan.png"],"assets/emojis/coolapk_emotion_55_lvyaowan.png":["assets/emojis/coolapk_emotion_55_lvyaowan.png"],"assets/emojis/coolapk_emotion_56_dogexiaoku.png":["assets/emojis/coolapk_emotion_56_dogexiaoku.png"],"assets/emojis/coolapk_emotion_57_dogehechi.png":["assets/emojis/coolapk_emotion_57_dogehechi.png"],"assets/emojis/coolapk_emotion_58_dogeyuanliangta.png":["assets/emojis/coolapk_emotion_58_dogeyuanliangta.png"],"assets/emojis/coolapk_emotion_59_erha.png":["assets/emojis/coolapk_emotion_59_erha.png"],"assets/emojis/coolapk_emotion_5_keai.png":["assets/emojis/coolapk_emotion_5_keai.png"],"assets/emojis/coolapk_emotion_60_kuan.png":["assets/emojis/coolapk_emotion_60_kuan.png"],"assets/emojis/coolapk_emotion_61_lvmao.png":["assets/emojis/coolapk_emotion_61_lvmao.png"],"assets/emojis/coolapk_emotion_62_huaji.png":["assets/emojis/coolapk_emotion_62_huaji.png"],"assets/emojis/coolapk_emotion_63_liuhanhuaji.png":["assets/emojis/coolapk_emotion_63_liuhanhuaji.png"],"assets/emojis/coolapk_emotion_64_shounuehuaji.png":["assets/emojis/coolapk_emotion_64_shounuehuaji.png"],"assets/emojis/coolapk_emotion_65_coshuaji.png":["assets/emojis/coolapk_emotion_65_coshuaji.png"],"assets/emojis/coolapk_emotion_66_doujiyanhuaji.png":["assets/emojis/coolapk_emotion_66_doujiyanhuaji.png"],"assets/emojis/coolapk_emotion_67_mojinghuaji.png":["assets/emojis/coolapk_emotion_67_mojinghuaji.png"],"assets/emojis/coolapk_emotion_68.png":["assets/emojis/coolapk_emotion_68.png"],"assets/emojis/coolapk_emotion_69.png":["assets/emojis/coolapk_emotion_69.png"],"assets/emojis/coolapk_emotion_6_weixiao.png":["assets/emojis/coolapk_emotion_6_weixiao.png"],"assets/emojis/coolapk_emotion_70.png":["assets/emojis/coolapk_emotion_70.png"],"assets/emojis/coolapk_emotion_71.png":["assets/emojis/coolapk_emotion_71.png"],"assets/emojis/coolapk_emotion_72.png":["assets/emojis/coolapk_emotion_72.png"],"assets/emojis/coolapk_emotion_73.png":["assets/emojis/coolapk_emotion_73.png"],"assets/emojis/coolapk_emotion_74.png":["assets/emojis/coolapk_emotion_74.png"],"assets/emojis/coolapk_emotion_75.png":["assets/emojis/coolapk_emotion_75.png"],"assets/emojis/coolapk_emotion_76.png":["assets/emojis/coolapk_emotion_76.png"],"assets/emojis/coolapk_emotion_77.png":["assets/emojis/coolapk_emotion_77.png"],"assets/emojis/coolapk_emotion_78.png":["assets/emojis/coolapk_emotion_78.png"],"assets/emojis/coolapk_emotion_79.png":["assets/emojis/coolapk_emotion_79.png"],"assets/emojis/coolapk_emotion_7_hehe.png":["assets/emojis/coolapk_emotion_7_hehe.png"],"assets/emojis/coolapk_emotion_80.png":["assets/emojis/coolapk_emotion_80.png"],"assets/emojis/coolapk_emotion_81_naikezui.png":["assets/emojis/coolapk_emotion_81_naikezui.png"],"assets/emojis/coolapk_emotion_82_miaomiao.png":["assets/emojis/coolapk_emotion_82_miaomiao.png"],"assets/emojis/coolapk_emotion_83_huoba.png":["assets/emojis/coolapk_emotion_83_huoba.png"],"assets/emojis/coolapk_emotion_84_baiyan.png":["assets/emojis/coolapk_emotion_84_baiyan.png"],"assets/emojis/coolapk_emotion_85.png":["assets/emojis/coolapk_emotion_85.png"],"assets/emojis/coolapk_emotion_86.png":["assets/emojis/coolapk_emotion_86.png"],"assets/emojis/coolapk_emotion_87.png":["assets/emojis/coolapk_emotion_87.png"],"assets/emojis/coolapk_emotion_88.png":["assets/emojis/coolapk_emotion_88.png"],"assets/emojis/coolapk_emotion_89.png":["assets/emojis/coolapk_emotion_89.png"],"assets/emojis/coolapk_emotion_8_piezui.png":["assets/emojis/coolapk_emotion_8_piezui.png"],"assets/emojis/coolapk_emotion_90.png":["assets/emojis/coolapk_emotion_90.png"],"assets/emojis/coolapk_emotion_91.png":["assets/emojis/coolapk_emotion_91.png"],"assets/emojis/coolapk_emotion_92.png":["assets/emojis/coolapk_emotion_92.png"],"assets/emojis/coolapk_emotion_93.png":["assets/emojis/coolapk_emotion_93.png"],"assets/emojis/coolapk_emotion_94.png":["assets/emojis/coolapk_emotion_94.png"],"assets/emojis/coolapk_emotion_95_erhading.png":["assets/emojis/coolapk_emotion_95_erhading.png"],"assets/emojis/coolapk_emotion_96_kuanlvmao.png":["assets/emojis/coolapk_emotion_96_kuanlvmao.png"],"assets/emojis/coolapk_emotion_97_haixiu.png":["assets/emojis/coolapk_emotion_97_haixiu.png"],"assets/emojis/coolapk_emotion_98_wunai.png":["assets/emojis/coolapk_emotion_98_wunai.png"],"assets/emojis/coolapk_emotion_99_zhoumei.png":["assets/emojis/coolapk_emotion_99_zhoumei.png"],"assets/emojis/coolapk_emotion_9_se.png":["assets/emojis/coolapk_emotion_9_se.png"],"packages/cupertino_icons/assets/CupertinoIcons.ttf":["packages/cupertino_icons/assets/CupertinoIcons.ttf"],"packages/flutter_inappwebview/assets/t_rex_runner/t-rex.css":["packages/flutter_inappwebview/assets/t_rex_runner/t-rex.css"],"packages/flutter_inappwebview/assets/t_rex_runner/t-rex.html":["packages/flutter_inappwebview/assets/t_rex_runner/t-rex.html"],"packages/flutter_inappwebview_web/assets/web/web_support.js":["packages/flutter_inappwebview_web/assets/web/web_support.js"]}